<?xml version="1.0"?>
<Dictionary>
	<Words>
		<Recognized>
			<!-- add words specific to your application here -->
			<Word>Uncollapse</Word>
			<Word>Foldings</Word>
			<Word>Xshd</Word>
			<Word>Utils</Word>
			<Word>Colorizer</Word>
			<Word>Renderer</Word>
			<Word>Renderers</Word>
			<Word>Deletable</Word>
			<!-- required so that FxCop accepts 'yPositionMode' -->
			<Word>y</Word>
		</Recognized>
		<Unrecognized>
			<!-- Disable Lineup as a single word - LineUp is the spelling used in WPF -->
			<Word>Lineup</Word>
		</Unrecognized>
		<Deprecated>
			<!-- Use this section to deprecate terms -->
			<Term PreferredAlternate="Best">Bestest</Term>
		</Deprecated>
	</Words>
	<Acronyms>
		<CasingExceptions>
			<!-- Use this section to tell FxCop the correct casing of acronyms. -->
			<Acronym>WiX</Acronym>
		</CasingExceptions>
	</Acronyms>
</Dictionary>