<?xml version="1.0"?>
<doc>
    <assembly>
        <name>xunit.runner.utility</name>
    </assembly>
    <members>
        <member name="T:Xunit.ExecutorWrapper">
            <summary>
            Wraps calls to the Executor. Used by runners to perform version-resilient test
            enumeration and execution.
            </summary>
        </member>
        <member name="M:Xunit.ExecutorWrapper.#ctor(System.String,System.String,System.Boolean)">
            <summary>
            Initializes a new instance of the <see cref="T:Xunit.ExecutorWrapper"/> class.
            </summary>
            <param name="assemblyFilename">The assembly filename.</param>
            <param name="configFilename">The config filename. If null, the default config filename will be used.</param>
            <param name="shadowCopy">Set to true to enable shadow copying; false, otherwise.</param>
        </member>
        <member name="M:Xunit.ExecutorWrapper.Dispose">
            <summary>
            Performs application-defined tasks associated with freeing, releasing, or resetting unmanaged resources.
            </summary>
        </member>
        <member name="M:Xunit.ExecutorWrapper.EnumerateTests">
            <summary>
            Enumerates the tests in an assembly.
            </summary>
            <returns>The fully-formed assembly node of the XML</returns>
        </member>
        <member name="M:Xunit.ExecutorWrapper.GetAssemblyTestCount">
            <summary>
            Gets a count of the tests in the assembly.
            </summary>
            <returns>Returns the number of tests, if known; returns -1 if not known. May not represent
            an exact count, but should be a best effort guess by the framework.</returns>
        </member>
        <member name="M:Xunit.ExecutorWrapper.RunAssembly(System.Predicate{System.Xml.XmlNode})">
            <summary>
            Runs all the tests in an assembly.
            </summary>
            <param name="callback">The callback which is called as each test/class/assembly is
            finished, providing XML nodes that are part of the xUnit.net XML output format.
            Test runs can be cancelled by returning false to the callback. If null, there are
            no status callbacks (and cancellation isn't possible).</param>
            <returns>Returns the fully-formed assembly node for the assembly that was just run.</returns>
        </member>
        <member name="M:Xunit.ExecutorWrapper.RunClass(System.String,System.Predicate{System.Xml.XmlNode})">
            <summary>
            Runs all the tests in the given class.
            </summary>
            <param name="type">The type.</param>
            <param name="callback">The callback which is called as each test/class is
            finished, providing XML nodes that are part of the xUnit.net XML output format.
            Test runs can be cancelled by returning false to the callback. If null, there are
            no status callbacks (and cancellation isn't possible).</param>
            <returns>Returns the fully-formed class node for the class that was just run.</returns>
        </member>
        <member name="M:Xunit.ExecutorWrapper.RunTest(System.String,System.String,System.Predicate{System.Xml.XmlNode})">
            <summary>
            Runs a single test in a class.
            </summary>
            <param name="type">The type to run.</param>
            <param name="method">The method to run.</param>
            <param name="callback">The callback which is called as each test/class is
            finished, providing XML nodes that are part of the xUnit.net XML output format.
            Test runs can be cancelled by returning false to the callback. If null, there are
            no status callbacks (and cancellation isn't possible).</param>
            <returns>Returns the fully-formed class node for the class of the test that was just run.</returns>
        </member>
        <member name="M:Xunit.ExecutorWrapper.RunTests(System.String,System.Collections.Generic.List{System.String},System.Predicate{System.Xml.XmlNode})">
            <summary>
            Runs several tests in a single class.
            </summary>
            <param name="type">The type.</param>
            <param name="methods">The methods to run.</param>
            <param name="callback">The callback which is called as each test/class is
            finished, providing XML nodes that are part of the xUnit.net XML output format.
            Test runs can be cancelled by returning false to the callback. If null, there are
            no status callbacks (and cancellation isn't possible).</param>
            <returns>Returns the fully-formed class node for the class of the tests that were just run.</returns>
        </member>
        <member name="P:Xunit.ExecutorWrapper.AssemblyFilename">
            <summary>
            Gets the full pathname to the assembly under test.
            </summary>
        </member>
        <member name="P:Xunit.ExecutorWrapper.XunitVersion">
            <summary>
            Gets the version of xunit.dll used by the test assembly.
            </summary>
        </member>
    </members>
</doc>
